{
    "kludas": {
        "glicerins": 0.8,
        "diametrs": 1e-06,
        "cilindra_diametrs": 3e-05,
        "svari": 1e-07,
        "laiks": 0.191,
        "g": 0.01,
        "cels": 0.003
    },
    "nemainigie_lielumi": {
        "glicerina_blivums": 1243.5,
        "cilindra_diametrs": [
            0.06239,
            0.06159,
            0.06222
        ],
        "cels": 0.05,
        "g": 9.81
    },
    "lodites": {
        "lod_6": {
            "diametrs": [
                0.002365,
                0.005611,
                0.004838
            ],
            "laiks": [
                3.5,
                0.92,
                1.8
            ],
            "masa": [
                5.31e-05,
                0.0001984,
                0.0002222
            ]
        },
        "lod_7": {
            "diametrs": [
                0.003232,
                0.002277,
                0.003854
            ],
            "laiks": [
                3.34,
                3.63,
                3.5
            ],
            "masa": [
                9.95e-05,
                0.0001191,
                0.0003452
            ]
        },
        "lod_8": {
            "diametrs": [
                0.00351,
                0.00445,
                0.005546
            ],
            "laiks": [
                1.63,
                1.26,
                1.62
            ],
            "masa": [
                8.37e-05,
                0.0001337,
                0.0002414
            ]
        },
        "lod_9": {
            "diametrs": [
                0.00431,
                0.003104,
                0.004953
            ],
            "laiks": [
                3.0,
                3.19,
                3.69
            ],
            "masa": [
                0.0001443,
                0.0002197,
                0.0001202
            ]
        },
        "lod_10": {
            "diametrs": [
                0.002219,
                0.003578,
                0.005325
            ],
            "laiks": [
                2.38,
                2.59,
                3.6
            ],
            "masa": [
                0.0002158,
                0.0002866,
                6.35e-05
            ]
        },
        "lod_11": {
            "diametrs": [
                0.002656,
                0.002004,
                0.005734
            ],
            "laiks": [
                3.36,
                1.02,
                3.44
            ],
            "masa": [
                0.0001543,
                0.0002284,
                0.0001029
            ]
        },
        "lod_12": {
            "diametrs": [
                0.005181,
                0.004262,
                0.004301
            ],
            "laiks": [
                3.78,
                2.31,
                1.92
            ],
            "masa": [
                0.000325,
                7.15e-05,
                0.0002588
            ]
        },
        "lod_13": {
            "diametrs": [
                0.003463,
                0.003757,
                0.005956
            ],
            "laiks": [
                0.81,
                2.9,
                1.59
            ],
            "masa": [
                8.37e-05,
                0.0001629,
                3.55e-05
            ]
        },
        "lod_14": {
            "diametrs": [
                0.004731,
                0.004351,
                0.005005
            ],
            "laiks": [
                3.29,
                2.12,
                3.0
            ],
            "masa": [
                0.0002302,
                4.46e-05,
                0.0002457
            ]
        },
        "lod_15": {
            "diametrs": [
                0.005631,
                0.005893,
                0.0053
            ],
            "laiks": [
                2.44,
                3.74,
                1.01
            ],
            "masa": [
                0.0002003,
                0.0001569,
                4.04e-05
            ]
        },
        "lod_16": {
            "diametrs": [
                0.00448,
                0.003825,
                0.002917
            ],
            "laiks": [
                3.22,
                0.72,
                0.86
            ],
            "masa": [
                0.0001089,
                0.0001592,
                0.0001449
            ]
        },
        "lod_17": {
            "diametrs": [
                0.00496,
                0.003613,
                0.005227
            ],
            "laiks": [
                3.97,
                3.9,
                3.49
            ],
            "masa": [
                0.0002806,
                0.0002277,
                0.0002252
            ]
        },
        "lod_18": {
            "diametrs": [
                0.004103,
                0.004641,
                0.003555
            ],
            "laiks": [
                2.38,
                2.3,
                2.05
            ],
            "masa": [
                0.0001038,
                0.0002012,
                9.86e-05
            ]
        },
        "lod_19": {
            "diametrs": [
                0.005607,
                0.003206,
                0.002441
            ],
            "laiks": [
                0.79,
                3.95,
                2.37
            ],
            "masa": [
                0.0002226,
                0.000346,
                0.0003343
            ]
        },
        "lod_20": {
            "diametrs": [
                0.002829,
                0.005468,
                0.002074
            ],
            "laiks": [
                3.78,
                0.97,
                2.99
            ],
            "masa": [
                0.0003271,
                0.0002939,
                0.000165
            ]
        },
        "lod_21": {
            "diametrs": [
                0.003051,
                0.003589,
                0.00259
            ],
            "laiks": [
                2.95,
                0.79,
                3.9
            ],
            "masa": [
                0.0002339,
                4.51e-05,
                0.0002115
            ]
        },
        "lod_22": {
            "diametrs": [
                0.003557,
                0.002758,
                0.004014
            ],
            "laiks": [
                0.75,
                3.91,
                1.94
            ],
            "masa": [
                8.08e-05,
                0.0003108,
                0.0003108
            ]
        },
        "lod_23": {
            "diametrs": [
                0.003425,
                0.005373,
                0.003495
            ],
            "laiks": [
                3.26,
                1.87,
                3.53
            ],
            "masa": [
                9.8e-05,
                0.0001182,
                0.0001824
            ]
        },
        "lod_24": {
            "diametrs": [
                0.002921,
                0.00337,
                0.004373
            ],
            "laiks": [
                2.05,
                2.85,
                1.43
            ],
            "masa": [
                5.13e-05,
                0.0001745,
                0.0002948
            ]
        },
        "lod_25": {
            "diametrs": [
                0.002863,
                0.00414,
                0.002298
            ],
            "laiks": [
                2.88,
                3.88,
                2.43
            ],
            "masa": [
                4.94e-05,
                0.0001913,
                0.000164
            ]
        },
        "lod_26": {
            "diametrs": [
                0.003984,
                0.005784,
                0.00465
            ],
            "laiks": [
                3.96,
                1.53,
                2.04
            ],