{
    "kludas": {
        "glicerins": 0.8,
        "diametrs": 1e-06,
        "cilindra_diametrs": 3e-05,
        "svari": 1e-07,
        "laiks": 0.191,
        "g": 0.01,
        "cels": 0.003
    },
    "nemainigie_lielumi": {
        "glicerina_blivums": 1243.5,
        "cilindra_diametrs": [
            0.06239,
            0.06159,
            0.06222
        ],
        "cels": 0.05,
        "g": 9.81
    },
    "lodites": {
        "lod_87": {
                "diametrs": [
                    0.004814,
                    0.003155,
                    0.005117
                ],
                "laiks": [
                    3.57,
                    1.41,
                    1.68
                ],
                "masa": [
                    0.0001414,
                    0.0002347,
                    0.0003377
                ]
            },
        "lod_88": {
            "diametrs": [
                0.005695,
                0.004771,
                0.003778
            ],
            "laiks": [
                3.16,
                1.42,
                2.4
            ],
            "masa": [
                0.0001154,
                0.0003109,
                0.0001599
            ]
        },
        "lod_89": {
            "diametrs": [
                0.005623,
                0.004994,
                0.002293
            ],
            "laiks": [
                1.22,
                3.42,
                2.18
            ],
            "masa": [
                8.18e-05,
                0.0002161,
                0.0003227
            ]
        },
        "lod_90": {
            "diametrs": [
                0.005003,
                0.004788,
                0.003235
            ],
            "laiks": [
                3.35,
                2.77,
                3.14
            ],
            "masa": [
                0.0003451,
                4.18e-05,
                9.32e-05
            ]
        },
        "lod_91": {
            "diametrs": [
                0.005572,
                0.002083,
                0.002135
            ],
            "laiks": [
                3.91,
                2.33,
                3.61
            ],
            "masa": [
                0.0002229,
                9.81e-05,
                0.0001456
            ]
        },
        "lod_92": {
            "diametrs": [
                0.003973,
                0.005236,
                0.00262
            ],
            "laiks": [
                3.59,
                0.84,
                1.71
            ],
            "masa": [
                0.0001633,
                0.0003233,
                0.0001711
            ]
        },
        "lod_93": {
            "diametrs": [
                0.005698,
                0.005993,
                0.005339
            ],
            "laiks": [
                0.81,
                0.86,
                2.81
            ],
            "masa": [
                0.000201,
                0.0003006,
                0.0002426
            ]
        },
        "lod_94": {
            "diametrs": [
                0.004324,
                0.003967,
                0.004648
            ],
            "laiks": [
                0.52,
                3.16,
                1.04
            ],
            "masa": [
                0.000214,
                0.0003474,
                0.0001619
            ]
        },
        "lod_95": {
            "diametrs": [
                0.002203,
                0.005146,
                0.004435
            ],
            "laiks": [
                2.35,
                2.44,
                1.69
            ],
            "masa": [
                0.00018,
                0.0002282,
                0.0001877
            ]
        },
        "lod_96": {
            "diametrs": [
                0.003954,
                0.004915,
                0.003009
            ],
            "laiks": [
                3.84,
                2.76,
                0.76
            ],
            "masa": [
                0.0002325,
                0.0002211,
                0.0001364
            ]
        }
    }
}