{
    "kludas": {
        "glicerins": 0.8,
        "diametrs": 0.000001,
        "cilindra_diametrs": 0.00003,
        "svari": 0.0000001,
        "laiks": 0.191,
        "g": 0.01,
        "cels": 0.003
    },
    "nemainigie_lielumi": {
        "glicerina_blivums": 1243.5,
        "cilindra_diametrs": [0.06239, 0.06159, 0.06222],
        "cels": 0.05,
        "g": 9.81
    },
    "lodites": {
        "lod_1":{
            "diametrs": [0.002017, 0.00203,0.002039],
            "laiks": [2.9, 3.11, 3.41],
            "masa":[0.0000332, 0.0000332, 0.0000332]
        }, 
        "lod_2": {
            "diametrs" :[0.005914, 0.005921, 0.005913],
            "laiks": [1.99, 2.59, 2.36],
            "masa":[0.0002488, 0.0002487, 0.0002486]
        },
        "lod_3": {
            "diametrs": [0.005927, 0.005924, 0.005914],
            "laiks": [1.96, 2.51, 2.36],
            "masa":[0.0002495, 0.0002495, 0.0002495]
        },
        "lod_4": {
            "diametrs": [0.004393, 0.004396, 0.004392],
            "laiks":[0.57, 0.64, 0.58],
            "masa":[0.0003494, 0.0003494, 0.0003494]
        },
        "lod_5": {
            "diametrs": [0.002298, 0.002274, 0.00231],
            "laiks":[1.6, 2.27, 2.21],
            "masa":[0.0000491, 0.0000491, 0.0000491]
        }
    }
}




    

