Datu_skaits, Laiks
1,0.035949
1,0.005286
1,0.007460
5,0.007543
5,0.005855
5,0.005776
10,0.008784
10,0.006283
10,0.007797
50,0.033155
50,0.012589
50,0.010437
100,0.042217
100,0.015830
100,0.019653
1000,0.145808
1000,0.108345
1000,0.100310
5000,0.549888
5000,0.506191
5000,0.574663
10000,1.046163
10000,0.997603
10000,1.006042
