Row Count,Processing Time
10000,5.557051
10000,5.677637
10000,6.872217
5000,4.526830
5000,4.356052
5000,4.612381
1000,3.806146
1000,3.365398
1000,3.294968
100,3.341726
100,6.221856
100,3.464734
10,3.324698
10,3.888532
10,4.063171
5,3.712757
5,3.190350
5,3.314131
1,3.661821
1,3.172174
1,3.843882

