Datu_skaits,Vidējais_laiks
1,3.559292333333333
5,3.405746
10,3.7588003333333333
100,4.342772
1000,3.488837333333333
5000,4.4984210000000004
10000,6.035635


